-- Insertions dans category
INSERT INTO category (id, intitule, created_at) VALUES
(1, 'Littérature Sénégalaise', NOW()),
(2, 'Romans', NOW()),
(3, 'Essais', NOW()),
(4, 'Éducation', NOW());

-- Insertions dans books
INSERT INTO books (id, category_id, code, intitule, isbn_10, isbn_13, created_at) VALUES
(1, 1, 'LIV001', 'L’aventure ambiguë', '1234567890', '9781234567897', NOW()),
(2, 2, 'LIV002', 'Le Vieux qui lisait des romans d’amour', '2345678901', '9782345678903', NOW()),
(3, 3, 'LIV003', 'La société sénégalaise en question', '3456789012', '9783456789019', NOW()),
(4, 4, 'LIV004', 'Mathématiques Terminale S', '4567890123', '9784567890125', NOW()),
(5, 1, 'LIV005', 'Les bouts de bois de Dieu', '5678901234', '9785678901236', NOW()),
(6, 2, 'LIV006', 'L’étranger', '6789012345', '9786789012347', NOW()),
(7, 3, 'LIV007', 'Discours sur le colonialisme', '7890123456', '9787890123458', NOW()),
(8, 4, 'LIV008', 'Physique-Chimie 2nde', '8901234567', '9788901234569', NOW());

-- Insertions dans customers
INSERT INTO customers (id, code, first_name, last_name, created_at) VALUES
(1, 'CUST001', 'Yves', 'Hervé', NOW()),
(2, 'CUST002', 'Mathilde', 'Lefebvre', NOW()),
(3, 'CUST003', 'Hélène', 'Gay', NOW()),
(4, 'CUST004', 'Michel', 'Gay', NOW()),
(5, 'CUST005', 'Hugues', 'Blot', NOW()),
(6, 'CUST006', 'Frédérique', 'Mace', NOW()),
(7, 'CUST007', 'Chantal', 'Guérin', NOW()),
(8, 'CUST008', 'Célina', 'Samson', NOW()),
(9, 'CUST009', 'Nathalie', 'Roussel', NOW()),
(10, 'CUST010', 'Alice', 'Godard', NOW()),
(11, 'CUST011', 'Suzanne', 'Leleu', NOW()),
(12, 'CUST012', 'Aurélie', 'Chartier', NOW()),
(13, 'CUST013', 'Céline', 'Blanc', NOW()),
(14, 'CUST014', 'Lucy', 'Vallet', NOW()),
(15, 'CUST015', 'Danielle', 'Marty', NOW()),
(16, 'CUST016', 'Émilie', 'Schneider', NOW()),
(17, 'CUST017', 'Margaret', 'Bruneau', NOW()),
(18, 'CUST018', 'Susan', 'Dupont', NOW()),
(19, 'CUST019', 'Maggie', 'Aubert', NOW()),
(20, 'CUST020', 'Pénélope', 'Carpentier', NOW());

-- Insertions dans factures
INSERT INTO factures (id, code, date_edit, customers_id, qte_totale, total_amount, total_paid, created_at) VALUES
(1, 'FAC001', '20240101', 4, 3, 21673.62, 21673.62, NOW()),
(2, 'FAC002', '20240108', 7, 5, 44458.01, 44458.01, NOW()),
(3, 'FAC003', '20240111', 14, 3, 18663.62, 18663.62, NOW()),
(4, 'FAC004', '20240128', 12, 4, 44923.42, 44923.42, NOW()),
(5, 'FAC005', '20240118', 3, 3, 28299.15, 28299.15, NOW()),
(6, 'FAC006', '20240128', 3, 2, 15321.76, 15321.76, NOW()),
(7, 'FAC007', '20240106', 12, 3, 22197.02, 22197.02, NOW()),
(8, 'FAC008', '20240124', 18, 2, 16471.64, 16471.64, NOW()),
(9, 'FAC009', '20240108', 18, 4, 39279.39, 39279.39, NOW()),
(10, 'FAC010', '20240123', 19, 3, 25176.24, 25176.24, NOW()),
(11, 'FAC011', '20240124', 8, 4, 33628.55, 33628.55, NOW()),
(12, 'FAC012', '20240105', 4, 5, 48273.41, 48273.41, NOW()),
(13, 'FAC013', '20240222', 4, 5, 37860.32, 37860.32, NOW()),
(14, 'FAC014', '20240225', 17, 2, 22187.26, 22187.26, NOW()),
(15, 'FAC015', '20240220', 17, 1, 7617.4, 7617.4, NOW()),
(16, 'FAC016', '20240225', 18, 5, 36627.53, 36627.53, NOW()),
(17, 'FAC017', '20240203', 19, 1, 10712.16, 10712.16, NOW()),
(18, 'FAC018', '20240222', 5, 3, 25213.19, 25213.19, NOW()),
(19, 'FAC019', '20240213', 10, 4, 28015.98, 28015.98, NOW()),
(20, 'FAC020', '20240208', 19, 1, 9954.89, 9954.89, NOW()),
(21, 'FAC021', '20240203', 8, 1, 5496.0, 5496.0, NOW()),
(22, 'FAC022', '20240222', 9, 4, 38533.96, 38533.96, NOW()),
(23, 'FAC023', '20240204', 7, 2, 14960.16, 14960.16, NOW()),
(24, 'FAC024', '20240228', 15, 4, 32090.84, 32090.84, NOW()),
(25, 'FAC025', '20240305', 15, 2, 15051.74, 15051.74, NOW()),
(26, 'FAC026', '20240321', 2, 4, 38525.32, 38525.32, NOW()),
(27, 'FAC027', '20240313', 6, 2, 13712.84, 13712.84, NOW()),
(28, 'FAC028', '20240314', 10, 5, 34748.45, 34748.45, NOW()),
(29, 'FAC029', '20240328', 17, 3, 18704.24, 18704.24, NOW()),
(30, 'FAC030', '20240320', 19, 2, 15869.14, 15869.14, NOW()),
(31, 'FAC031', '20240307', 9, 5, 39958.5, 39958.5, NOW()),
(32, 'FAC032', '20240315', 1, 5, 39677.01, 39677.01, NOW()),
(33, 'FAC033', '20240306', 10, 2, 20804.03, 20804.03, NOW()),
(34, 'FAC034', '20240309', 5, 1, 10196.92, 10196.92, NOW()),
(35, 'FAC035', '20240310', 9, 5, 38391.19, 38391.19, NOW()),
(36, 'FAC036', '20240401', 2, 4, 39296.82, 39296.82, NOW()),
(37, 'FAC037', '20240401', 18, 1, 11615.36, 11615.36, NOW()),
(38, 'FAC038', '20240402', 18, 2, 15561.07, 15561.07, NOW()),
(39, 'FAC039', '20240407', 12, 4, 42206.16, 42206.16, NOW()),
(40, 'FAC040', '20240401', 14, 2, 20953.42, 20953.42, NOW()),
(41, 'FAC041', '20240409', 8, 1, 7677.79, 7677.79, NOW()),
(42, 'FAC042', '20240408', 16, 1, 7447.61, 7447.61, NOW()),
(43, 'FAC043', '20240401', 8, 6, 58095.7, 58095.7, NOW()),
(44, 'FAC044', '20240411', 18, 2, 22278.54, 22278.54, NOW()),
(45, 'FAC045', '20240509', 19, 2, 18352.0, 18352.0, NOW()),
(46, 'FAC046', '20240514', 11, 4, 26957.23, 26957.23, NOW()),
(47, 'FAC047', '20240514', 12, 1, 9362.09, 9362.09, NOW()),
(48, 'FAC048', '20240517', 10, 4, 27252.32, 27252.32, NOW()),
(49, 'FAC049', '20240520', 6, 5, 38369.17, 38369.17, NOW()),
(50, 'FAC050', '20240517', 7, 3, 24877.63, 24877.63, NOW()),
(51, 'FAC051', '20240508', 10, 1, 5170.98, 5170.98, NOW()),
(52, 'FAC052', '20240520', 16, 1, 7901.09, 7901.09, NOW()),
(53, 'FAC053', '20240616', 13, 2, 16481.94, 16481.94, NOW()),
(54, 'FAC054', '20240626', 6, 5, 45042.55, 45042.55, NOW()),
(55, 'FAC055', '20240627', 20, 5, 48853.48, 48853.48, NOW()),
(56, 'FAC056', '20240625', 9, 6, 43663.26, 43663.26, NOW()),
(57, 'FAC057', '20240603', 18, 1, 6618.83, 6618.83, NOW()),
(58, 'FAC058', '20240603', 7, 4, 25504.06, 25504.06, NOW()),
(59, 'FAC059', '20240625', 13, 6, 52625.44, 52625.44, NOW()),
(60, 'FAC060', '20240624', 18, 6, 52998.44, 52998.44, NOW()),
(61, 'FAC061', '20240627', 6, 2, 21008.3, 21008.3, NOW()),
(62, 'FAC062', '20240621', 3, 3, 24710.14, 24710.14, NOW()),
(63, 'FAC063', '20240615', 7, 4, 41185.36, 41185.36, NOW()),
(64, 'FAC064', '20240627', 9, 1, 5135.68, 5135.68, NOW()),
(65, 'FAC065', '20240721', 8, 1, 10279.63, 10279.63, NOW()),
(66, 'FAC066', '20240727', 7, 2, 13339.62, 13339.62, NOW()),
(67, 'FAC067', '20240719', 4, 2, 19792.5, 19792.5, NOW()),
(68, 'FAC068', '20240720', 6, 4, 34262.39, 34262.39, NOW()),
(69, 'FAC069', '20240723', 13, 1, 9144.69, 9144.69, NOW()),
(70, 'FAC070', '20240723', 4, 3, 28032.03, 28032.03, NOW()),
(71, 'FAC071', '20240717', 3, 6, 41557.0, 41557.0, NOW()),
(72, 'FAC072', '20240724', 6, 5, 45682.81, 45682.81, NOW()),
(73, 'FAC073', '20240715', 9, 2, 17977.9, 17977.9, NOW()),
(74, 'FAC074', '20240816', 1, 4, 31590.44, 31590.44, NOW()),
(75, 'FAC075', '20240801', 18, 5, 39127.45, 39127.45, NOW()),
(76, 'FAC076', '20240826', 15, 2, 14119.3, 14119.3, NOW()),
(77, 'FAC077', '20240810', 8, 6, 60418.44, 60418.44, NOW()),
(78, 'FAC078', '20240809', 10, 2, 20097.98, 20097.98, NOW()),
(79, 'FAC079', '20240824', 4, 6, 54482.58, 54482.58, NOW()),
(80, 'FAC080', '20240812', 8, 1, 5099.04, 5099.04, NOW()),
(81, 'FAC081', '20240802', 9, 1, 9881.92, 9881.92, NOW()),
(82, 'FAC082', '20240804', 16, 2, 16571.56, 16571.56, NOW()),
(83, 'FAC083', '20240902', 6, 2, 14240.84, 14240.84, NOW()),
(84, 'FAC084', '20240905', 5, 5, 44268.99, 44268.99, NOW()),
(85, 'FAC085', '20240915', 15, 2, 18770.79, 18770.79, NOW()),
(86, 'FAC086', '20240909', 7, 5, 37942.06, 37942.06, NOW()),
(87, 'FAC087', '20240902', 10, 2, 19897.38, 19897.38, NOW()),
(88, 'FAC088', '20240922', 3, 1, 10514.8, 10514.8, NOW()),
(89, 'FAC089', '20240904', 14, 5, 42897.37, 42897.37, NOW()),
(90, 'FAC090', '20240904', 15, 3, 27860.59, 27860.59, NOW()),
(91, 'FAC091', '20240924', 14, 3, 29175.07, 29175.07, NOW()),
(92, 'FAC092', '20241025', 2, 2, 17265.5, 17265.5, NOW()),
(93, 'FAC093', '20241006', 9, 5, 42714.53, 42714.53, NOW()),
(94, 'FAC094', '20241011', 6, 4, 30402.6, 30402.6, NOW()),
(95, 'FAC095', '20241011', 9, 1, 11054.37, 11054.37, NOW()),
(96, 'FAC096', '20241015', 18, 3, 22004.02, 22004.02, NOW()),
(97, 'FAC097', '20241009', 7, 4, 36012.65, 36012.65, NOW()),
(98, 'FAC098', '20241014', 18, 1, 11945.8, 11945.8, NOW()),
(99, 'FAC099', '20241004', 15, 5, 39500.24, 39500.24, NOW()),
(100, 'FAC100', '20241007', 13, 6, 50814.38, 50814.38, NOW()),
(101, 'FAC101', '20241019', 19, 5, 48475.35, 48475.35, NOW()),
(102, 'FAC102', '20241019', 8, 4, 36438.64, 36438.64, NOW()),
(103, 'FAC103', '20241113', 13, 5, 47738.04, 47738.04, NOW()),
(104, 'FAC104', '20241117', 4, 4, 31161.82, 31161.82, NOW()),
(105, 'FAC105', '20241120', 11, 5, 51777.9, 51777.9, NOW()),
(106, 'FAC106', '20241108', 10, 4, 29571.24, 29571.24, NOW()),
(107, 'FAC107', '20241112', 10, 3, 18227.87, 18227.87, NOW()),
(108, 'FAC108', '20241128', 20, 3, 24939.77, 24939.77, NOW()),
(109, 'FAC109', '20241109', 15, 5, 48512.22, 48512.22, NOW()),
(110, 'FAC110', '20241110', 19, 6, 43946.56, 43946.56, NOW()),
(111, 'FAC111', '20241112', 19, 5, 52645.59, 52645.59, NOW()),
(112, 'FAC112', '20241124', 20, 2, 16963.22, 16963.22, NOW()),
(113, 'FAC113', '20241109', 20, 3, 30044.53, 30044.53, NOW()),
(114, 'FAC114', '20241111', 10, 5, 37259.0, 37259.0, NOW()),
(115, 'FAC115', '20241226', 11, 1, 11740.25, 11740.25, NOW()),
(116, 'FAC116', '20241228', 8, 5, 51588.57, 51588.57, NOW()),
(117, 'FAC117', '20241222', 12, 6, 56305.22, 56305.22, NOW()),
(118, 'FAC118', '20241208', 20, 4, 33757.77, 33757.77, NOW()),
(119, 'FAC119', '20241216', 10, 1, 6643.6, 6643.6, NOW()),
(120, 'FAC120', '20241215', 13, 3, 28280.28, 28280.28, NOW()),
(121, 'FAC121', '20241214', 20, 2, 17944.83, 17944.83, NOW()),
(122, 'FAC122', '20241204', 12, 5, 48695.66, 48695.66, NOW()),
(123, 'FAC123', '20241222', 3, 2, 10708.1, 10708.1, NOW());

-- Insertions dans ventes
INSERT INTO ventes (id, code, date_edit, factures_id, books_id, pu, qte, created_at) VALUES
(1, 'VENT001', '20240101', 1, 5, 6714.24, 1, NOW()),
(2, 'VENT002', '20240101', 1, 2, 9736.9, 1, NOW()),
(3, 'VENT003', '20240101', 1, 7, 5222.48, 1, NOW()),
(4, 'VENT004', '20240108', 2, 1, 8928.72, 2, NOW()),
(5, 'VENT005', '20240108', 2, 4, 8144.46, 2, NOW()),
(6, 'VENT006', '20240108', 2, 1, 10311.65, 1, NOW()),
(7, 'VENT007', '20240111', 3, 3, 6507.2, 2, NOW()),
(8, 'VENT008', '20240111', 3, 2, 5649.22, 1, NOW()),
(9, 'VENT009', '20240128', 4, 5, 10649.9, 2, NOW()),
(10, 'VENT010', '20240128', 4, 2, 11811.81, 2, NOW()),
(11, 'VENT011', '20240118', 5, 6, 9041.47, 1, NOW()),
(12, 'VENT012', '20240118', 5, 1, 9628.84, 2, NOW()),
(13, 'VENT013', '20240128', 6, 2, 7660.88, 2, NOW()),
(14, 'VENT014', '20240106', 7, 6, 6466.55, 2, NOW()),
(15, 'VENT015', '20240106', 7, 2, 9263.92, 1, NOW()),
(16, 'VENT016', '20240124', 8, 3, 8235.82, 2, NOW()),
(17, 'VENT017', '20240108', 9, 6, 10899.96, 1, NOW()),
(18, 'VENT018', '20240108', 9, 4, 10752.62, 2, NOW()),
(19, 'VENT019', '20240108', 9, 7, 6874.19, 1, NOW()),
(20, 'VENT020', '20240123', 10, 4, 9588.07, 2, NOW()),
(21, 'VENT021', '20240123', 10, 8, 6000.1, 1, NOW()),
(22, 'VENT022', '20240124', 11, 5, 10229.1, 2, NOW()),
(23, 'VENT023', '20240124', 11, 7, 7533.98, 1, NOW()),
(24, 'VENT024', '20240124', 11, 8, 5636.37, 1, NOW()),
(25, 'VENT025', '20240105', 12, 3, 10544.56, 2, NOW()),
(26, 'VENT026', '20240105', 12, 2, 7693.37, 2, NOW()),
(27, 'VENT027', '20240105', 12, 5, 11797.55, 1, NOW()),
(28, 'VENT028', '20240222', 13, 5, 10380.19, 2, NOW()),
(29, 'VENT029', '20240222', 13, 2, 7054.5, 1, NOW()),
(30, 'VENT030', '20240222', 13, 8, 5022.72, 2, NOW()),
(31, 'VENT031', '20240225', 14, 2, 11093.63, 2, NOW()),
(32, 'VENT032', '20240220', 15, 3, 7617.4, 1, NOW()),
(33, 'VENT033', '20240225', 16, 1, 9192.61, 2, NOW()),
(34, 'VENT034', '20240225', 16, 1, 5783.07, 2, NOW()),
(35, 'VENT035', '20240225', 16, 5, 6676.17, 1, NOW()),
(36, 'VENT036', '20240203', 17, 8, 10712.16, 1, NOW()),
(37, 'VENT037', '20240222', 18, 3, 6855.4, 2, NOW()),
(38, 'VENT038', '20240222', 18, 4, 11502.39, 1, NOW()),
(39, 'VENT039', '20240213', 19, 6, 8066.7, 2, NOW()),
(40, 'VENT040', '20240213', 19, 2, 6735.34, 1, NOW()),
(41, 'VENT041', '20240213', 19, 6, 5147.24, 1, NOW()),
(42, 'VENT042', '20240208', 20, 2, 9954.89, 1, NOW()),
(43, 'VENT043', '20240203', 21, 6, 5496.0, 1, NOW()),
(44, 'VENT044', '20240222', 22, 4, 8774.64, 2, NOW()),
(45, 'VENT045', '20240222', 22, 4, 10492.34, 2, NOW()),
(46, 'VENT046', '20240204', 23, 7, 7480.08, 2, NOW()),
(47, 'VENT047', '20240228', 24, 1, 9713.55, 1, NOW()),
(48, 'VENT048', '20240228', 24, 1, 7818.35, 2, NOW()),
(49, 'VENT049', '20240228', 24, 2, 6740.59, 1, NOW()),
(50, 'VENT050', '20240305', 25, 3, 6949.82, 1, NOW()),
(51, 'VENT051', '20240305', 25, 2, 8101.92, 1, NOW()),
(52, 'VENT052', '20240321', 26, 1, 11782.97, 1, NOW()),
(53, 'VENT053', '20240321', 26, 3, 7844.9, 2, NOW()),
(54, 'VENT054', '20240321', 26, 4, 11052.55, 1, NOW()),
(55, 'VENT055', '20240313', 27, 7, 6856.42, 2, NOW()),
(56, 'VENT056', '20240314', 28, 8, 6083.58, 2, NOW()),
(57, 'VENT057', '20240314', 28, 4, 11780.97, 1, NOW()),
(58, 'VENT058', '20240314', 28, 6, 5400.16, 2, NOW()),
(59, 'VENT059', '20240328', 29, 3, 5398.16, 1, NOW()),
(60, 'VENT060', '20240328', 29, 3, 5479.65, 1, NOW()),
(61, 'VENT061', '20240328', 29, 4, 7826.43, 1, NOW()),
(62, 'VENT062', '20240320', 30, 2, 7934.57, 2, NOW()),
(63, 'VENT063', '20240307', 31, 6, 6670.8, 2, NOW()),
(64, 'VENT064', '20240307', 31, 3, 9701.83, 2, NOW()),
(65, 'VENT065', '20240307', 31, 8, 7213.24, 1, NOW()),
(66, 'VENT066', '20240315', 32, 2, 5512.83, 1, NOW()),
(67, 'VENT067', '20240315', 32, 5, 5927.2, 2, NOW()),
(68, 'VENT068', '20240315', 32, 2, 11154.89, 2, NOW()),
(69, 'VENT069', '20240306', 33, 5, 9281.74, 1, NOW()),
(70, 'VENT070', '20240306', 33, 5, 11522.29, 1, NOW()),
(71, 'VENT071', '20240309', 34, 2, 10196.92, 1, NOW()),
(72, 'VENT072', '20240310', 35, 4, 10023.29, 1, NOW()),
(73, 'VENT073', '20240310', 35, 5, 8537.86, 2, NOW()),
(74, 'VENT074', '20240310', 35, 1, 5646.09, 2, NOW()),
(75, 'VENT075', '20240401', 36, 3, 9459.79, 2, NOW()),
(76, 'VENT076', '20240401', 36, 3, 10188.62, 2, NOW()),
(77, 'VENT077', '20240401', 37, 2, 11615.36, 1, NOW()),
(78, 'VENT078', '20240402', 38, 3, 8008.51, 1, NOW()),
(79, 'VENT079', '20240402', 38, 5, 7552.56, 1, NOW()),
(80, 'VENT080', '20240407', 39, 4, 9668.53, 2, NOW()),
(81, 'VENT081', '20240407', 39, 7, 11816.86, 1, NOW()),
(82, 'VENT082', '20240407', 39, 4, 11052.24, 1, NOW()),
(83, 'VENT083', '20240401', 40, 6, 10476.71, 2, NOW()),
(84, 'VENT084', '20240409', 41, 2, 7677.79, 1, NOW()),
(85, 'VENT085', '20240408', 42, 8, 7447.61, 1, NOW()),
(86, 'VENT086', '20240401', 43, 4, 7789.26, 2, NOW()),
(87, 'VENT087', '20240401', 43, 2, 11768.22, 2, NOW()),
(88, 'VENT088', '20240401', 43, 6, 9490.37, 2, NOW()),
(89, 'VENT089', '20240411', 44, 2, 11139.27, 2, NOW()),
(90, 'VENT090', '20240509', 45, 2, 9176.0, 2, NOW()),
(91, 'VENT091', '20240514', 46, 2, 7696.37, 1, NOW()),
(92, 'VENT092', '20240514', 46, 5, 5310.71, 2, NOW()),
(93, 'VENT093', '20240514', 46, 1, 8639.44, 1, NOW()),
(94, 'VENT094', '20240514', 47, 6, 9362.09, 1, NOW()),
(95, 'VENT095', '20240517', 48, 7, 7283.28, 2, NOW()),
(96, 'VENT096', '20240517', 48, 3, 6342.88, 2, NOW()),
(97, 'VENT097', '20240520', 49, 5, 7842.53, 1, NOW()),
(98, 'VENT098', '20240520', 49, 5, 7008.4, 2, NOW()),
(99, 'VENT099', '20240520', 49, 6, 8254.92, 2, NOW()),
(100, 'VENT100', '20240517', 50, 3, 9611.96, 2, NOW()),
(101, 'VENT101', '20240517', 50, 6, 5653.71, 1, NOW()),
(102, 'VENT102', '20240508', 51, 3, 5170.98, 1, NOW()),
(103, 'VENT103', '20240520', 52, 8, 7901.09, 1, NOW()),
(104, 'VENT104', '20240616', 53, 4, 6033.0, 1, NOW()),
(105, 'VENT105', '20240616', 53, 2, 10448.94, 1, NOW()),
(106, 'VENT106', '20240626', 54, 8, 5351.53, 1, NOW()),
(107, 'VENT107', '20240626', 54, 2, 8195.23, 2, NOW()),
(108, 'VENT108', '20240626', 54, 6, 11650.28, 2, NOW()),
(109, 'VENT109', '20240627', 55, 7, 10813.98, 2, NOW()),
(110, 'VENT110', '20240627', 55, 3, 10205.59, 2, NOW()),
(111, 'VENT111', '20240627', 55, 8, 6814.34, 1, NOW()),
(112, 'VENT112', '20240625', 56, 8, 9387.24, 2, NOW()),
(113, 'VENT113', '20240625', 56, 8, 5542.38, 2, NOW()),
(114, 'VENT114', '20240625', 56, 4, 6902.01, 2, NOW()),
(115, 'VENT115', '20240603', 57, 3, 6618.83, 1, NOW()),
(116, 'VENT116', '20240603', 58, 7, 7316.17, 2, NOW()),
(117, 'VENT117', '20240603', 58, 7, 5435.86, 2, NOW()),
(118, 'VENT118', '20240625', 59, 1, 10997.12, 2, NOW()),
(119, 'VENT119', '20240625', 59, 8, 5041.27, 2, NOW()),
(120, 'VENT120', '20240625', 59, 5, 10274.33, 2, NOW()),
(121, 'VENT121', '20240624', 60, 4, 8417.61, 2, NOW()),
(122, 'VENT122', '20240624', 60, 7, 8399.49, 2, NOW()),
(123, 'VENT123', '20240624', 60, 6, 9682.12, 2, NOW()),
(124, 'VENT124', '20240627', 61, 3, 11865.05, 1, NOW()),
(125, 'VENT125', '20240627', 61, 7, 9143.25, 1, NOW()),
(126, 'VENT126', '20240621', 62, 3, 11067.96, 1, NOW()),
(127, 'VENT127', '20240621', 62, 1, 6821.09, 2, NOW()),
(128, 'VENT128', '20240615', 63, 6, 10328.61, 2, NOW()),
(129, 'VENT129', '20240615', 63, 5, 10264.07, 2, NOW()),
(130, 'VENT130', '20240627', 64, 8, 5135.68, 1, NOW()),
(131, 'VENT131', '20240721', 65, 1, 10279.63, 1, NOW()),
(132, 'VENT132', '20240727', 66, 3, 6669.81, 2, NOW()),
(133, 'VENT133', '20240719', 67, 8, 9896.25, 2, NOW()),
(134, 'VENT134', '20240720', 68, 2, 10444.54, 1, NOW()),
(135, 'VENT135', '20240720', 68, 5, 5756.69, 1, NOW()),
(136, 'VENT136', '20240720', 68, 5, 9030.58, 2, NOW()),
(137, 'VENT137', '20240723', 69, 2, 9144.69, 1, NOW()),
(138, 'VENT138', '20240723', 70, 2, 10573.59, 1, NOW()),
(139, 'VENT139', '20240723', 70, 6, 8729.22, 2, NOW()),
(140, 'VENT140', '20240717', 71, 6, 5088.57, 2, NOW()),
(141, 'VENT141', '20240717', 71, 8, 5738.77, 2, NOW()),
(142, 'VENT142', '20240717', 71, 8, 9951.16, 2, NOW()),
(143, 'VENT143', '20240724', 72, 5, 9311.39, 2, NOW()),
(144, 'VENT144', '20240724', 72, 8, 8049.02, 2, NOW()),
(145, 'VENT145', '20240724', 72, 6, 10961.99, 1, NOW()),
(146, 'VENT146', '20240715', 73, 8, 8988.95, 2, NOW()),
(147, 'VENT147', '20240816', 74, 3, 8412.85, 2, NOW()),
(148, 'VENT148', '20240816', 74, 5, 7382.37, 2, NOW()),
(149, 'VENT149', '20240801', 75, 4, 5599.29, 2, NOW()),
(150, 'VENT150', '20240801', 75, 8, 8886.23, 1, NOW()),
(151, 'VENT151', '20240801', 75, 8, 9521.32, 2, NOW()),
(152, 'VENT152', '20240826', 76, 2, 7059.65, 2, NOW()),
(153, 'VENT153', '20240810', 77, 6, 8312.82, 2, NOW()),
(154, 'VENT154', '20240810', 77, 7, 11976.42, 2, NOW()),
(155, 'VENT155', '20240810', 77, 6, 9919.98, 2, NOW()),
(156, 'VENT156', '20240809', 78, 2, 10048.99, 2, NOW()),
(157, 'VENT157', '20240824', 79, 3, 6340.79, 2, NOW()),
(158, 'VENT158', '20240824', 79, 5, 10072.1, 2, NOW()),
(159, 'VENT159', '20240824', 79, 2, 10828.4, 2, NOW()),
(160, 'VENT160', '20240812', 80, 5, 5099.04, 1, NOW()),
(161, 'VENT161', '20240802', 81, 5, 9881.92, 1, NOW()),
(162, 'VENT162', '20240804', 82, 5, 8285.78, 2, NOW()),
(163, 'VENT163', '20240902', 83, 8, 5798.61, 1, NOW()),
(164, 'VENT164', '20240902', 83, 7, 8442.23, 1, NOW()),
(165, 'VENT165', '20240905', 84, 5, 5596.27, 1, NOW()),
(166, 'VENT166', '20240905', 84, 2, 8906.51, 2, NOW()),
(167, 'VENT167', '20240905', 84, 4, 10429.85, 2, NOW()),
(168, 'VENT168', '20240915', 85, 7, 7137.66, 1, NOW()),
(169, 'VENT169', '20240915', 85, 2, 11633.13, 1, NOW()),
(170, 'VENT170', '20240909', 86, 2, 6099.4, 1, NOW()),
(171, 'VENT171', '20240909', 86, 2, 6095.73, 2, NOW()),
(172, 'VENT172', '20240909', 86, 8, 9825.6, 2, NOW()),
(173, 'VENT173', '20240902', 87, 5, 9948.69, 2, NOW()),
(174, 'VENT174', '20240922', 88, 5, 10514.8, 1, NOW()),
(175, 'VENT175', '20240904', 89, 4, 9533.44, 2, NOW()),
(176, 'VENT176', '20240904', 89, 3, 5499.87, 1, NOW()),
(177, 'VENT177', '20240904', 89, 5, 9165.31, 2, NOW()),
(178, 'VENT178', '20240904', 90, 5, 9898.14, 2, NOW()),
(179, 'VENT179', '20240904', 90, 8, 8064.31, 1, NOW()),
(180, 'VENT180', '20240924', 91, 5, 5181.05, 1, NOW()),
(181, 'VENT181', '20240924', 91, 1, 11997.01, 2, NOW()),
(182, 'VENT182', '20241025', 92, 8, 8632.75, 2, NOW()),
(183, 'VENT183', '20241006', 93, 7, 9443.49, 2, NOW()),
(184, 'VENT184', '20241006', 93, 2, 8290.07, 2, NOW()),
(185, 'VENT185', '20241006', 93, 6, 7247.41, 1, NOW()),
(186, 'VENT186', '20241011', 94, 8, 7017.52, 2, NOW()),
(187, 'VENT187', '20241011', 94, 1, 8183.78, 2, NOW()),
(188, 'VENT188', '20241011', 95, 7, 11054.37, 1, NOW()),
(189, 'VENT189', '20241015', 96, 1, 6313.08, 2, NOW()),
(190, 'VENT190', '20241015', 96, 8, 9377.86, 1, NOW()),
(191, 'VENT191', '20241009', 97, 3, 11493.71, 2, NOW()),
(192, 'VENT192', '20241009', 97, 8, 5849.98, 1, NOW()),
(193, 'VENT193', '20241009', 97, 3, 7175.25, 1, NOW()),
(194, 'VENT194', '20241014', 98, 4, 11945.8, 1, NOW()),
(195, 'VENT195', '20241004', 99, 3, 8488.63, 2, NOW()),
(196, 'VENT196', '20241004', 99, 5, 7908.43, 2, NOW()),
(197, 'VENT197', '20241004', 99, 8, 6706.12, 1, NOW()),
(198, 'VENT198', '20241007', 100, 3, 11048.19, 2, NOW()),
(199, 'VENT199', '20241007', 100, 7, 7379.13, 2, NOW()),
(200, 'VENT200', '20241007', 100, 1, 6979.87, 2, NOW()),
(201, 'VENT201', '20241019', 101, 8, 11056.82, 2, NOW()),
(202, 'VENT202', '20241019', 101, 8, 7415.87, 2, NOW()),
(203, 'VENT203', '20241019', 101, 8, 11529.97, 1, NOW()),
(204, 'VENT204', '20241019', 102, 4, 10992.09, 2, NOW()),
(205, 'VENT205', '20241019', 102, 1, 7227.23, 2, NOW()),
(206, 'VENT206', '20241113', 103, 3, 8467.3, 1, NOW()),
(207, 'VENT207', '20241113', 103, 3, 8516.04, 2, NOW()),
(208, 'VENT208', '20241113', 103, 2, 11119.33, 2, NOW()),
(209, 'VENT209', '20241117', 104, 1, 10057.11, 2, NOW()),
(210, 'VENT210', '20241117', 104, 3, 5523.8, 2, NOW()),
(211, 'VENT211', '20241120', 105, 7, 9548.86, 2, NOW()),
(212, 'VENT212', '20241120', 105, 7, 11678.98, 2, NOW()),
(213, 'VENT213', '20241120', 105, 1, 9322.22, 1, NOW()),
(214, 'VENT214', '20241108', 106, 2, 8037.8, 1, NOW()),
(215, 'VENT215', '20241108', 106, 2, 8105.75, 2, NOW()),
(216, 'VENT216', '20241108', 106, 1, 5321.94, 1, NOW()),
(217, 'VENT217', '20241112', 107, 7, 6018.99, 2, NOW()),
(218, 'VENT218', '20241112', 107, 3, 6189.89, 1, NOW()),
(219, 'VENT219', '20241128', 108, 4, 8483.67, 1, NOW()),
(220, 'VENT220', '20241128', 108, 4, 8228.05, 2, NOW()),
(221, 'VENT221', '20241109', 109, 1, 11292.36, 2, NOW()),
(222, 'VENT222', '20241109', 109, 5, 9743.28, 1, NOW()),
(223, 'VENT223', '20241109', 109, 2, 8092.11, 2, NOW()),
(224, 'VENT224', '20241110', 110, 7, 9832.19, 2, NOW()),
(225, 'VENT225', '20241110', 110, 5, 6394.52, 2, NOW()),
(226, 'VENT226', '20241110', 110, 8, 5746.57, 2, NOW()),
(227, 'VENT227', '20241112', 111, 5, 11948.84, 2, NOW()),
(228, 'VENT228', '20241112', 111, 1, 11845.61, 2, NOW()),
(229, 'VENT229', '20241112', 111, 5, 5056.69, 1, NOW()),
(230, 'VENT230', '20241124', 112, 5, 10430.19, 1, NOW()),
(231, 'VENT231', '20241124', 112, 6, 6533.03, 1, NOW()),
(232, 'VENT232', '20241109', 113, 3, 9397.74, 1, NOW()),
(233, 'VENT233', '20241109', 113, 5, 10520.27, 1, NOW()),
(234, 'VENT234', '20241109', 113, 6, 10126.52, 1, NOW()),
(235, 'VENT235', '20241111', 114, 7, 6229.48, 1, NOW()),
(236, 'VENT236', '20241111', 114, 6, 8715.97, 2, NOW()),
(237, 'VENT237', '20241111', 114, 3, 6798.79, 2, NOW()),
(238, 'VENT238', '20241226', 115, 8, 11740.25, 1, NOW()),
(239, 'VENT239', '20241228', 116, 7, 11770.89, 2, NOW()),
(240, 'VENT240', '20241228', 116, 2, 10534.77, 1, NOW()),
(241, 'VENT241', '20241228', 116, 5, 8756.01, 2, NOW()),
(242, 'VENT242', '20241222', 117, 5, 9091.92, 2, NOW()),
(243, 'VENT243', '20241222', 117, 2, 9723.86, 2, NOW()),
(244, 'VENT244', '20241222', 117, 1, 9336.83, 2, NOW()),
(245, 'VENT245', '20241208', 118, 2, 9447.83, 2, NOW()),
(246, 'VENT246', '20241208', 118, 5, 9544.68, 1, NOW()),
(247, 'VENT247', '20241208', 118, 3, 5317.43, 1, NOW()),
(248, 'VENT248', '20241216', 119, 2, 6643.6, 1, NOW()),
(249, 'VENT249', '20241215', 120, 7, 9111.38, 1, NOW()),
(250, 'VENT250', '20241215', 120, 7, 9584.45, 2, NOW()),
(251, 'VENT251', '20241214', 121, 1, 9831.96, 1, NOW()),
(252, 'VENT252', '20241214', 121, 8, 8112.87, 1, NOW()),
(253, 'VENT253', '20241204', 122, 6, 8811.26, 2, NOW()),
(254, 'VENT254', '20241204', 122, 1, 7786.98, 1, NOW()),
(255, 'VENT255', '20241204', 122, 2, 11643.08, 2, NOW()),
(256, 'VENT256', '20241222', 123, 1, 5354.05, 2, NOW());
