USE bookshop;

-- Inserting data into the 'category' table (French categories)
INSERT INTO category (id, intitule, created_at) VALUES
(1, 'Science-fiction', NOW()),
(2, 'Roman policier', NOW()),
(3, 'Fantasy', NOW()),
(4, 'Littérature contemporaine', NOW()),
(5, 'Histoire', NOW());

-- Inserting data into the 'books' table (French book titles)
INSERT INTO books (id, category_id, code, intitule, isbn_10, isbn_13, created_at) VALUES
(1, 1, 'SF001', 'Le Cycle de Dune', '978-2000111222', '978-2000111222333', NOW()),
(2, 1, 'SF002', 'Fondation', '978-2000222333', '978-2000222333444', NOW()),
(3, 2, 'POL001', 'Le Chien des Baskerville', '978-3000333444', '978-3000333444555', NOW()),
(4, 2, 'POL002', 'Dix petits nègres', '978-3000444555', '978-3000444555666', NOW()),
(5, 3, 'FAN001', 'Le Seigneur des anneaux : La Communauté de l\'anneau', '978-4000555666', '978-4000555666777', NOW()),
(6, 3, 'FAN002', 'Harry Potter à l\'école des sorciers', '978-4000666777', '978-4000666777888', NOW()),
(7, 4, 'CONT001', 'L\'Étranger', '978-5000777888', '978-5000777888999', NOW()),
(8, 4, 'CONT002', 'Madame Bovary', '978-5000888999', '978-5000888999000', NOW()),
(9, 5, 'HIST001', 'Sapiens : Une brève histoire de l\'humanité', '978-6000999000', '978-6000999000111', NOW()),
(10, 5, 'HIST002', 'Le Monde d\'hier', '978-6000000111', '978-6000000111222', NOW());

-- Inserting data into the 'customers' table (French-sounding names)
INSERT INTO customers (id, code, first_name, last_name, created_at) VALUES
(1, 'CUST001', 'Sophie', 'Martin', NOW()),
(2, 'CUST002', 'Pierre', 'Lefevre', NOW()),
(3, 'CUST003', 'Amélie', 'Dubois', NOW()),
(4, 'CUST004', 'Antoine', 'Girard', NOW()),
(5, 'CUST005', 'Claire', 'Mercier', NOW()),
(6, 'CUST006', 'Lucas', 'Bernard', NOW()),
(7, 'CUST007', 'Manon', 'Fournier', NOW()),
(8, 'CUST008', 'Hugo', 'Leroy', NOW()),
(9, 'CUST009', 'Juliette', 'Moreau', NOW()),
(10, 'CUST010', 'Théo', 'Simon', NOW());

-- Inserting data into the 'factures' table (50 invoices)
INSERT INTO factures (id, code, date_edit, customers_id, qte_totale, total_amount, total_paid, created_at) VALUES
(1, 'FAC001', '20250401', 1, 2, 30.00, 30.00, NOW()),
(2, 'FAC002', '20250401', 2, 1, 15.50, 15.50, NOW()),
(3, 'FAC003', '20250402', 3, 3, 45.75, 45.75, NOW()),
(4, 'FAC004', '20250402', 4, 1, 22.00, 22.00, NOW()),
(5, 'FAC005', '20250403', 5, 2, 31.00, 31.00, NOW()),
(6, 'FAC006', '20250403', 6, 1, 18.90, 18.90, NOW()),
(7, 'FAC007', '20250404', 7, 4, 62.00, 62.00, NOW()),
(8, 'FAC008', '20250404', 8, 2, 25.50, 25.50, NOW()),
(9, 'FAC009', '20250405', 9, 1, 12.75, 12.75, NOW()),
(10, 'FAC010', '20250405', 10, 3, 40.50, 40.50, NOW()),
(11, 'FAC011', '20250406', 1, 1, 16.00, 16.00, NOW()),
(12, 'FAC012', '20250406', 2, 2, 35.00, 35.00, NOW()),
(13, 'FAC013', '20250407', 3, 1, 21.20, 21.20, NOW()),
(14, 'FAC014', '20250407', 4, 3, 51.50, 51.50, NOW()),
(15, 'FAC015', '20250408', 5, 2, 28.00, 28.00, NOW()),
(16, 'FAC016', '20250408', 6, 1, 14.80, 14.80, NOW()),
(17, 'FAC017', '20250409', 7, 5, 70.00, 70.00, NOW()),
(18, 'FAC018', '20250409', 8, 2, 33.30, 33.30, NOW()),
(19, 'FAC019', '20250410', 9, 1, 19.95, 19.95, NOW()),
(20, 'FAC020', '20250410', 10, 2, 38.75, 38.75, NOW()),
(21, 'FAC021', '20250411', 1, 3, 42.00, 42.00, NOW()),
(22, 'FAC022', '20250411', 2, 1, 25.60, 25.60, NOW()),
(23, 'FAC023', '20250412', 3, 2, 31.80, 31.80, NOW()),
(24, 'FAC024', '20250412', 4, 4, 68.20, 68.20, NOW()),
(25, 'FAC025', '20250413', 5, 1, 17.10, 17.10, NOW()),
(26, 'FAC026', '20250413', 6, 3, 49.35, 49.35, NOW()),
(27, 'FAC027', '20250414', 7, 2, 29.50, 29.50, NOW()),
(28, 'FAC028', '20250414', 8, 1, 13.25, 13.25, NOW()),
(29, 'FAC029', '20250415', 9, 2, 36.90, 36.90, NOW()),
(30, 'FAC030', '20250415', 10, 3, 55.00, 55.00, NOW()),
(31, 'FAC031', '20250416', 1, 1, 20.50, 20.50, NOW()),
(32, 'FAC032', '20250416', 2, 2, 41.10, 41.10, NOW()),
(33, 'FAC033', '20250417', 3, 1, 23.80, 23.80, NOW()),
(34, 'FAC034', '20250417', 4, 3, 47.60, 47.60, NOW()),
(35, 'FAC035', '20250418', 5, 2, 34.25, 34.25, NOW()),
(36, 'FAC036', '20250418', 6, 1, 15.75, 15.75, NOW()),
(37, 'FAC037', '20250419', 7, 4, 58.00, 58.00, NOW()),
(38, 'FAC038', '20250419', 8, 2, 27.90, 27.90, NOW()),
(39, 'FAC039', '20250420', 9, 1, 11.50, 11.50, NOW()),
(40, 'FAC040', '20250420', 10, 3, 39.20, 39.20, NOW()),
(41, 'FAC041', '20250421', 1, 2, 26.50, 26.50, NOW()),
(42, 'FAC042', '20250421', 2, 1, 19.10, 19.10, NOW()),
(43, 'FAC043', '20250422', 3, 3, 43.75, 43.75, NOW()),
(44, 'FAC044', '20250422', 4, 2, 30.50, 30.50, NOW()),
(45, 'FAC045', '20250423', 5, 1, 22.75, 22.75, NOW()),
(46, 'FAC046', '20250423', 6, 2, 37.10, 37.10, NOW()),
(47, 'FAC047', '20250424', 7, 3, 52.25, 52.25, NOW()),
(48, 'FAC048', '20250424', 8, 1, 16.80, 16.80, NOW()),
(49, 'FAC049', '20250425', 9, 2, 24.90, 24.90, NOW()),
(50, 'FAC050', '20250425', 10, 4, 65.00, 65.00, NOW());

-- Inserting data into the 'ventes' table (resulting in 50 sales records)
INSERT INTO ventes (id, code, date_edit, factures_id, books_id, pu, qte, created_at) VALUES
(1, 'VENTE001', '20250401', 1, 1, 15.00, 1, NOW()),
(2, 'VENTE002', '20250401', 1, 5, 15.00, 1, NOW()),
(3, 'VENTE003', '20250401', 2, 2, 15.50, 1, NOW()),
(4, 'VENTE004', '20250402', 3, 3, 15.25, 2, NOW()),
(5, 'VENTE005', '20250402', 3, 7, 15.25, 1, NOW()),
(6, 'VENTE006', '20250402', 4, 4, 22.00, 1, NOW()),
(7, 'VENTE007', '20250403', 5, 6, 15.50, 1, NOW()),
(8, 'VENTE008', '20250403', 5, 9, 15.50, 1, NOW()),
(9, 'VENTE009', '20250403', 6, 8, 18.90, 1, NOW()),
(10, 'VENTE010', '20250404', 7, 1, 15.50, 2, NOW()),
(11, 'VENTE011', '20250404', 7, 3, 15.50, 2, NOW()),
(12, 'VENTE012', '20250404', 8, 4, 12.75, 2, NOW()),
(13, 'VENTE013', '20250405', 9, 5, 12.75, 1, NOW()),
(14, 'VENTE014', '20250405', 10, 6, 13.50, 3, NOW()),
(15, 'VENTE015', '20250406', 11, 7, 16.00, 1, NOW()),
(16, 'VENTE016', '20250406', 12, 8, 17.50, 2, NOW()),
(17, 'VENTE017', '20250407', 13, 9, 21.20, 1, NOW()),
(18, 'VENTE018', '20250407', 14, 10, 17.17, 3, NOW()),
(19, 'VENTE019', '20250408', 15, 1, 10.83, 2, NOW()),
(20, 'VENTE020', '20250408', 16, 3, 14.80, 1, NOW()),
(21, 'VENTE021', '20250409', 17, 4, 14.00, 5, NOW()),
(22, 'VENTE022', '20250409', 18, 5, 16.65, 2, NOW()),
(23, 'VENTE023', '20250410', 19, 6, 19.95, 1, NOW()),
(24, 'VENTE024', '20250410', 20, 7, 19.38, 2, NOW()),
(25, 'VENTE025', '20250411', 21, 8, 14.00, 3, NOW()),
(26, 'VENTE026', '20250411', 22, 9, 25.60, 1, NOW()),
(27, 'VENTE027', '20250412', 23, 10, 15.90, 2, NOW()),
(28, 'VENTE028', '20250412', 24, 1, 17.05, 4, NOW()),
(29, 'VENTE029', '20250413', 25, 2, 17.10, 1, NOW()),
(30, 'VENTE030', '20250413', 26, 3, 16.45, 3, NOW()),
(31, 'VENTE031', '20250414', 27, 4, 14.75, 2, NOW()),
(32, 'VENTE032', '20250414', 28, 5, 13.25, 1, NOW()),
(33, 'VENTE033', '20250415', 29, 6, 18.45, 2, NOW()),
(34, 'VENTE034', '20250415', 30, 7, 18.33, 3, NOW()),
(35, 'VENTE035', '20250416', 31, 8, 20.50, 1, NOW()),
(36, 'VENTE036', '20250416', 32, 9, 20.55, 2, NOW()),
(37, 'VENTE037', '20250417', 33, 10, 23.80, 1, NOW()),
(38, 'VENTE038', '20250417', 34, 1, 15.87, 3, NOW()),
(39, 'VENTE039', '20250418', 35, 2, 17.12, 2, NOW()),
(40, 'VENTE040', '20250418', 36, 3, 15.75, 1, NOW()),
(41, 'VENTE041', '20250419', 37, 4, 14.50, 4, NOW()),
(42, 'VENTE042', '20250419', 38, 5, 13.95, 2, NOW()),
(43, 'VENTE043', '20250420', 39, 6, 11.50, 1, NOW()),
(44, 'VENTE044', '20250420', 40, 7, 13.07, 3, NOW()),
(45, 'VENTE045', '20250421', 41, 8, 13.25, 2, NOW()),
(46, 'VENTE046', '20250421', 42, 9, 19.10, 1, NOW()),
(47, 'VENTE047', '20250422', 43, 10, 14.58, 3, NOW()),
(48, 'VENTE048', '20250422', 44, 1, 15.25, 2, NOW()),
(49, 'VENTE049', '20250423', 45, 2, 22.75, 1, NOW()),
(50, 'VENTE050', '20250423', 46, 3, 18.55, 2, NOW());